transactionId,buyerId,sellerId,brokerId,propertyId,commission,stat,paymentMethod,finalPrice,listingPrice,transactionDate
1,202,110,115.0,252,2635.06,Pending,Bank Transfer,204801.59,209481.59,2024-07-29
2,694,330,876.0,350,3597.18,Completed,Credit Card,251887.57,256090.57,2024-05-10
3,15,594,,414,3212.24,Completed,Bank Transfer,549294.16,551969.16,2023-07-04
4,177,430,,451,505.23,Pending,Credit Card,574109.54,576653.54,2023-05-18
5,63,75,721.0,311,4305.65,Cancelled,Cash,437993.76,440303.76,2023-04-18
6,317,389,199.0,459,1889.42,Cancelled,Cash,107977.62,108986.62,2023-03-10
7,434,874,35.0,93,4682.2,Cancelled,Cash,839863.14,841946.14,2023-10-13
8,100,38,788.0,377,1444.06,Completed,Cash,655028.95,655028.95,2024-04-21
9,406,494,829.0,192,2245.26,Cancelled,Credit Card,678404.91,681052.91,2023-04-11
10,265,693,,359,801.43,Pending,Cash,868290.47,868618.47,2023-10-20
11,418,184,,428,2484.72,Completed,Credit Card,362026.46,364313.46,2023-06-15
12,684,517,464.0,18,4781.06,Completed,Bank Transfer,605685.72,605685.72,2023-05-08
13,743,788,883.0,394,3646.63,Completed,Bank Transfer,416748.94,419421.94,2024-03-23
14,95,641,211.0,286,3362.17,Cancelled,Credit Card,654506.87,655549.87,2023-09-12
15,788,340,201.0,140,998.87,Cancelled,Credit Card,920844.48,923111.48,2024-06-04
16,940,532,601.0,418,1698.77,Cancelled,Cash,399587.82,404559.82,2024-06-12
17,709,890,,365,3549.42,Pending,Credit Card,963755.16,966271.16,2024-09-22
18,475,502,,329,1408.09,Completed,Credit Card,400087.1,400087.1,2023-02-03
19,918,72,,485,740.42,Completed,Bank Transfer,678280.59,680279.59,2024-08-11
20,623,846,678.0,179,1593.99,Completed,Cash,324605.61,327136.61,2023-10-25
21,670,130,309.0,404,3017.3,Pending,Credit Card,662209.11,662677.11,2024-10-10
22,266,622,,476,978.11,Cancelled,Bank Transfer,978038.06,982912.06,2023-08-19
23,666,928,704.0,479,4716.1,Pending,Bank Transfer,791512.17,791512.17,2022-12-06
24,429,83,640.0,34,1818.75,Cancelled,Credit Card,206554.66,206554.66,2023-09-08
25,851,723,,8,4498.5,Completed,Credit Card,754971.39,759769.39,2024-06-07
26,173,439,,475,3115.05,Pending,Cash,371453.07,371749.07,2024-08-01
27,659,509,131.0,64,1808.25,Pending,Bank Transfer,200461.99,200783.99,2023-04-29
28,560,893,,170,1489.31,Pending,Bank Transfer,598939.66,603225.66,2023-09-09
29,238,742,,167,2123.16,Pending,Credit Card,901707.23,904273.23,2024-03-20
30,595,219,845.0,191,1210.81,Pending,Credit Card,768676.83,771955.83,2023-04-23
31,995,251,178.0,103,2459.75,Completed,Cash,322397.48,322397.48,2024-10-21
32,318,999,205.0,62,2588.08,Pending,Credit Card,997492.67,997492.67,2024-07-19
33,804,132,161.0,169,4698.23,Pending,Credit Card,765694.92,768321.92,2023-12-16
34,300,888,822.0,140,2789.12,Completed,Bank Transfer,796258.14,796258.14,2024-01-16
35,510,401,793.0,212,1100.6,Pending,Cash,762419.2,762419.2,2024-05-31
36,75,129,,280,3910.45,Completed,Credit Card,564445.76,565174.76,2023-11-15
37,932,662,,180,1780.5,Cancelled,Cash,684545.48,686294.48,2023-11-29
38,256,150,916.0,422,3184.64,Completed,Cash,855084.77,858246.77,2023-04-09
39,550,484,,185,2921.96,Cancelled,Cash,800624.61,800811.61,2023-04-07
40,84,303,837.0,184,1183.06,Cancelled,Credit Card,896437.83,896437.83,2024-08-24
41,915,177,,59,1076.67,Completed,Cash,704907.09,706938.09,2024-10-07
42,84,468,,120,1911.11,Completed,Bank Transfer,403524.56,407589.56,2023-01-02
43,154,507,76.0,9,4617.02,Pending,Cash,298820.74,302023.74,2024-02-08
44,91,737,979.0,7,4931.56,Pending,Cash,868405.02,868975.02,2024-04-23
45,303,246,845.0,406,4823.61,Pending,Cash,580398.46,580752.46,2022-12-11
46,433,268,915.0,283,543.9,Completed,Bank Transfer,937593.06,941885.06,2023-09-02
47,958,563,487.0,4,1090.26,Cancelled,Cash,719130.01,724097.01,2022-12-09
48,988,149,454.0,238,4362.07,Completed,Bank Transfer,893323.62,896082.62,2023-05-26
49,82,223,,367,988.74,Pending,Bank Transfer,363195.44,363999.44,2023-06-29
50,337,784,660.0,429,1920.93,Completed,Cash,196072.48,199306.48,2023-02-09
51,254,51,,48,800.28,Cancelled,Bank Transfer,964775.09,966478.09,2024-03-12
52,65,109,847.0,353,2763.78,Completed,Cash,400327.34,400327.34,2023-08-12
53,753,379,,85,2676.76,Pending,Bank Transfer,482260.65,483374.65,2024-08-15
54,341,72,1.0,179,2111.92,Pending,Bank Transfer,519143.53,522426.53,2023-08-29
55,815,893,275.0,359,2915.14,Pending,Cash,911391.6,912725.6,2024-04-03
56,813,402,,272,2673.69,Pending,Cash,827170.38,827170.38,2024-07-30
57,945,951,318.0,246,4583.93,Cancelled,Credit Card,234628.32,239342.32,2022-11-24
58,636,911,,387,570.57,Completed,Bank Transfer,142154.19,143370.19,2024-07-27
59,138,747,,480,1002.46,Pending,Credit Card,386242.55,389640.55,2023-10-03
60,204,706,618.0,96,3455.73,Cancelled,Bank Transfer,463811.24,466128.24,2023-05-31
61,381,477,695.0,258,1854.79,Completed,Bank Transfer,171472.17,172514.17,2023-02-06
62,591,493,873.0,401,2754.72,Pending,Credit Card,855402.19,856106.19,2024-05-11
63,349,701,435.0,148,4226.03,Cancelled,Cash,804288.47,806484.47,2024-07-21
64,294,151,,475,2322.17,Completed,Credit Card,869484.12,869484.12,2024-05-05
65,314,287,189.0,390,4356.29,Cancelled,Credit Card,346312.78,346312.78,2024-06-22
66,484,313,,409,1023.47,Completed,Bank Transfer,290219.61,294110.61,2023-08-20
67,496,862,455.0,257,2925.43,Cancelled,Cash,652627.71,656272.71,2024-11-06
68,464,891,,96,2944.57,Completed,Credit Card,100156.23,103468.23,2023-04-18
69,439,4,565.0,11,1719.9,Cancelled,Bank Transfer,514802.75,515038.75,2024-03-08
70,776,692,889.0,242,4143.05,Pending,Bank Transfer,108438.37,111344.37,2024-07-02
71,192,426,932.0,112,3514.85,Cancelled,Credit Card,975607.0,979911.0,2023-11-22
72,683,781,,292,1317.17,Completed,Cash,527829.12,527982.12,2022-12-15
73,220,861,575.0,38,4770.79,Cancelled,Cash,988860.59,993329.59,2023-11-15
74,557,721,,377,2844.01,Cancelled,Credit Card,972259.13,976272.13,2023-06-10
75,733,513,826.0,400,1019.14,Completed,Credit Card,705117.21,708125.21,2023-10-28
76,787,517,616.0,369,531.57,Cancelled,Credit Card,447296.73,448246.73,2024-09-20
77,400,300,597.0,79,1835.78,Pending,Cash,192428.32,196849.32,2023-02-06
78,133,257,591.0,441,4668.46,Cancelled,Bank Transfer,699129.84,700082.84,2023-01-08
79,69,353,,342,3815.97,Cancelled,Bank Transfer,994004.4,995668.4,2024-07-18
80,913,529,469.0,163,2877.07,Cancelled,Credit Card,941055.71,942195.71,2024-02-22
81,336,104,894.0,437,3341.83,Cancelled,Cash,724580.62,725546.62,2023-12-12
82,207,415,,137,1897.07,Completed,Cash,406376.37,406376.37,2022-12-15
83,759,240,445.0,134,3293.94,Completed,Bank Transfer,247254.12,252204.12,2023-05-15
84,49,740,,59,4148.88,Pending,Cash,650275.15,655078.15,2023-05-04
85,977,334,840.0,342,961.82,Completed,Cash,911545.04,915026.04,2024-01-29
86,390,229,,388,781.71,Completed,Credit Card,550248.19,550248.19,2024-02-03
87,104,175,182.0,312,2780.84,Pending,Cash,728044.8,729728.8,2023-03-10
88,525,719,333.0,305,4091.13,Pending,Bank Transfer,413027.2,415894.2,2023-11-21
89,893,917,,266,2363.21,Cancelled,Credit Card,217295.37,217776.37,2023-08-11
90,851,818,120.0,103,534.73,Cancelled,Bank Transfer,295941.43,299890.43,2024-01-16
91,640,521,617.0,407,645.91,Pending,Cash,964134.36,964134.36,2024-05-07
92,894,56,47.0,278,740.66,Cancelled,Cash,540846.36,540983.36,2024-07-08
93,345,640,630.0,261,876.29,Completed,Credit Card,400381.14,404909.14,2024-03-09
94,293,121,440.0,399,2880.18,Cancelled,Cash,884304.43,888553.43,2023-07-07
95,457,337,786.0,461,4367.41,Pending,Bank Transfer,847045.84,849302.84,2023-02-25
96,803,530,,116,2999.59,Pending,Cash,918863.88,922153.88,2024-09-26
97,728,691,,472,4564.14,Cancelled,Credit Card,872743.18,874306.18,2024-09-08
98,430,844,,123,4385.98,Completed,Bank Transfer,667866.97,670157.97,2024-08-09
99,671,577,982.0,431,3005.79,Completed,Bank Transfer,201013.98,201013.98,2023-06-12
100,256,219,184.0,167,782.54,Pending,Cash,326598.73,330575.73,2024-10-28
101,328,882,315.0,89,610.57,Cancelled,Cash,528889.66,531292.66,2024-07-14
102,269,586,,439,1387.95,Pending,Credit Card,926415.76,928323.76,2024-01-10
103,997,798,600.0,460,2094.22,Completed,Cash,651937.75,655796.75,2023-11-28
104,431,352,,320,4120.71,Cancelled,Bank Transfer,216828.37,216828.37,2022-12-09
105,245,53,69.0,232,2322.77,Cancelled,Credit Card,798455.41,799576.41,2023-10-07
106,616,376,489.0,224,1697.79,Cancelled,Bank Transfer,401973.61,406835.61,2024-03-15
107,112,502,325.0,355,1881.61,Pending,Credit Card,432563.43,434177.43,2023-03-04
108,50,271,,460,727.52,Cancelled,Bank Transfer,378537.17,378845.17,2023-06-13
109,436,203,797.0,308,2687.21,Completed,Credit Card,846023.13,850058.13,2023-10-07
110,909,347,,460,4191.34,Completed,Credit Card,589429.14,593941.14,2024-06-07
111,720,919,621.0,390,2396.08,Cancelled,Cash,267115.18,267115.18,2024-01-10
112,558,884,260.0,378,560.66,Cancelled,Credit Card,446948.94,448801.94,2024-02-08
113,993,90,976.0,332,4221.24,Cancelled,Bank Transfer,923269.08,923269.08,2024-05-17
114,752,855,69.0,248,1543.3,Pending,Credit Card,128177.66,130130.66,2024-03-10
115,786,68,359.0,206,4129.98,Pending,Credit Card,782096.75,782096.75,2024-01-14
116,170,265,483.0,366,4794.64,Completed,Credit Card,852038.14,853926.14,2022-12-22
117,891,497,990.0,18,2812.58,Cancelled,Credit Card,784134.6,784134.6,2024-06-29
118,687,512,263.0,273,2534.05,Pending,Credit Card,265804.54,265904.54,2024-08-05
119,478,85,116.0,115,4421.56,Cancelled,Bank Transfer,667783.65,670337.65,2023-08-25
120,682,267,818.0,139,4553.11,Pending,Cash,573088.13,576466.13,2024-04-27
121,199,983,328.0,480,896.05,Completed,Bank Transfer,505767.71,507520.71,2022-12-20
122,718,731,,44,4218.5,Pending,Cash,420840.21,420840.21,2024-10-28
123,345,420,203.0,148,1874.46,Cancelled,Cash,579951.64,579951.64,2024-08-30
124,653,636,,183,1620.66,Cancelled,Credit Card,565297.99,566138.99,2024-01-01
125,211,457,357.0,317,4593.1,Cancelled,Bank Transfer,105452.46,108923.46,2024-01-17
126,72,417,,257,4795.86,Pending,Bank Transfer,869925.69,870476.69,2023-09-11
127,782,148,,407,4210.08,Completed,Bank Transfer,122439.37,122439.37,2022-11-21
128,604,348,96.0,194,2333.37,Completed,Cash,982143.85,982959.85,2023-11-13
129,923,187,,89,3932.74,Pending,Credit Card,207341.46,209358.46,2023-10-10
130,230,543,349.0,47,3011.84,Pending,Bank Transfer,640556.26,641046.26,2023-04-23
131,654,32,,442,2794.1,Cancelled,Cash,255608.08,255608.08,2023-01-21
132,187,12,539.0,436,3391.63,Completed,Cash,162917.41,166922.41,2023-11-30
133,25,785,510.0,333,1110.78,Cancelled,Credit Card,102879.15,106364.15,2023-08-08
134,999,123,800.0,152,3687.93,Cancelled,Credit Card,231722.74,234107.74,2023-02-16
135,708,803,251.0,135,1103.78,Completed,Cash,435339.33,435339.33,2024-01-28
136,394,444,306.0,428,4585.32,Cancelled,Bank Transfer,133291.44,133291.44,2023-11-25
137,315,252,455.0,56,2462.6,Cancelled,Bank Transfer,624395.35,624395.35,2023-10-30
138,905,585,605.0,116,505.44,Pending,Cash,778534.45,779143.45,2024-09-06
139,717,811,,456,1018.64,Completed,Cash,179023.55,183990.55,2023-03-26
140,876,263,,396,3303.77,Cancelled,Cash,205286.49,206308.49,2023-02-27
141,433,227,198.0,98,2799.64,Pending,Bank Transfer,954821.75,958155.75,2024-04-20
142,368,892,15.0,406,4322.16,Completed,Credit Card,200235.52,201749.52,2024-06-24
143,761,289,468.0,111,1274.73,Cancelled,Bank Transfer,161693.07,161693.07,2024-07-01
144,346,432,411.0,392,4819.64,Completed,Cash,138607.41,142492.41,2022-12-04
145,125,492,898.0,329,2375.23,Completed,Bank Transfer,789046.53,789359.53,2023-10-11
146,757,6,353.0,412,3446.54,Pending,Bank Transfer,667658.51,668920.51,2024-08-19
147,514,299,227.0,457,3136.59,Cancelled,Cash,467930.18,467930.18,2023-07-14
148,622,101,699.0,370,589.51,Cancelled,Cash,697930.39,699159.39,2024-07-30
149,643,382,,360,2736.37,Cancelled,Cash,353795.18,357965.18,2024-07-04
150,936,248,131.0,367,1862.07,Pending,Cash,559614.6,563967.6,2023-06-15
151,670,486,,297,2527.22,Cancelled,Bank Transfer,365337.77,366285.77,2023-06-06
152,69,523,,264,4803.56,Pending,Credit Card,814032.33,816210.33,2024-02-14
153,101,672,,261,4694.44,Cancelled,Bank Transfer,230868.49,230868.49,2023-10-13
154,972,968,528.0,404,2586.12,Completed,Cash,756365.76,756365.76,2023-02-05
155,224,828,981.0,313,4237.84,Completed,Credit Card,769381.78,769381.78,2024-01-08
156,100,678,545.0,57,4923.98,Completed,Cash,863019.02,863019.02,2024-03-03
157,804,734,288.0,46,4235.59,Completed,Credit Card,416583.75,416583.75,2024-11-01
158,481,491,600.0,350,3877.07,Completed,Cash,263311.89,263311.89,2024-05-18
159,958,37,177.0,115,3726.54,Cancelled,Bank Transfer,241924.61,245099.61,2024-08-18
160,322,514,365.0,338,1735.61,Pending,Bank Transfer,212136.17,215363.17,2024-01-19
161,377,714,873.0,32,3444.29,Cancelled,Cash,297529.33,301290.33,2024-11-07
162,55,376,,8,2991.56,Pending,Cash,704343.05,706654.05,2023-11-26
163,193,712,883.0,49,1082.54,Pending,Bank Transfer,591592.22,594188.22,2024-06-29
164,720,12,943.0,66,1708.53,Pending,Bank Transfer,779079.11,783208.11,2024-07-05
165,563,628,285.0,431,3217.79,Completed,Cash,649018.66,650158.66,2024-01-18
166,612,789,196.0,294,1283.93,Pending,Cash,906345.98,910532.98,2023-06-20
167,382,646,,287,1415.13,Completed,Cash,904401.0,904401.0,2023-09-15
168,341,629,956.0,364,4847.35,Cancelled,Bank Transfer,916042.9,916529.9,2024-06-06
169,363,521,58.0,128,2627.63,Pending,Bank Transfer,557954.89,560311.89,2023-09-15
170,146,285,56.0,440,2300.08,Completed,Bank Transfer,526532.76,526532.76,2024-03-02
171,296,963,793.0,136,3092.16,Completed,Credit Card,986571.88,991117.88,2023-03-11
172,421,239,297.0,311,3658.05,Pending,Credit Card,289259.34,293960.34,2024-06-06
173,375,697,422.0,285,2897.14,Cancelled,Credit Card,688919.89,692978.89,2024-04-08
174,162,149,823.0,164,1645.79,Completed,Credit Card,540909.04,541383.04,2023-05-10
175,592,830,138.0,204,510.39,Pending,Credit Card,988978.4,989890.4,2023-01-29
176,146,695,,484,4656.36,Completed,Credit Card,149507.28,149844.28,2024-07-23
177,519,301,,436,1174.79,Cancelled,Cash,493134.69,493711.69,2023-05-15
178,723,626,,477,922.3,Pending,Bank Transfer,296785.28,299917.28,2024-07-26
179,895,235,,152,2402.18,Pending,Bank Transfer,785321.67,785472.67,2023-10-09
180,784,281,,25,4962.99,Pending,Cash,461808.25,461808.25,2024-03-11
181,578,919,771.0,229,3012.5,Pending,Cash,934413.59,937847.59,2023-07-17
182,851,480,,187,1297.83,Pending,Credit Card,736110.64,736175.64,2023-02-20
183,693,82,,443,624.16,Pending,Bank Transfer,435940.29,437928.29,2023-11-29
184,891,992,,112,4137.11,Completed,Cash,813465.59,816561.59,2023-04-05
185,993,224,371.0,43,3032.35,Completed,Credit Card,170512.3,171166.3,2022-12-11
186,199,430,371.0,65,2304.85,Cancelled,Cash,163804.8,167411.8,2023-03-25
187,742,773,803.0,427,2315.48,Completed,Cash,671761.56,675364.56,2023-07-16
188,327,729,638.0,477,3323.37,Pending,Cash,172886.71,176787.71,2024-01-08
189,791,658,709.0,98,2365.39,Cancelled,Credit Card,376780.13,377819.13,2024-05-24
190,120,241,14.0,279,4203.91,Completed,Bank Transfer,802664.06,802864.06,2023-04-12
191,337,467,,11,1453.99,Cancelled,Credit Card,543559.01,546289.01,2023-11-17
192,513,287,990.0,363,1636.4,Cancelled,Credit Card,250006.13,254661.13,2023-04-30
193,660,435,,438,1912.32,Cancelled,Cash,898145.5,902742.5,2023-07-29
194,967,368,,349,1785.74,Completed,Bank Transfer,312736.55,312736.55,2023-10-15
195,186,280,579.0,386,2853.93,Pending,Bank Transfer,880472.48,882288.48,2022-12-09
196,990,668,812.0,194,768.41,Pending,Credit Card,678538.88,681545.88,2023-10-06
197,1000,598,962.0,15,2309.08,Completed,Cash,917771.58,921148.58,2024-10-10
198,548,388,972.0,44,2376.4,Cancelled,Bank Transfer,445792.83,446073.83,2024-11-03
199,914,419,14.0,170,694.2,Completed,Bank Transfer,657632.5,657632.5,2024-11-10
200,205,424,,47,3421.22,Cancelled,Credit Card,657856.15,657974.15,2023-01-16
201,541,222,,407,2785.39,Completed,Cash,825756.62,825756.62,2024-09-29
202,609,998,999.0,486,826.24,Cancelled,Bank Transfer,765448.63,770302.63,2023-03-30
203,606,272,,487,3058.68,Completed,Cash,280447.96,284256.96,2024-08-18
204,750,784,32.0,388,1686.17,Completed,Bank Transfer,892035.16,892889.16,2022-12-20
205,898,39,,453,2026.69,Pending,Cash,526289.08,530565.08,2023-10-05
206,776,103,,390,1004.48,Completed,Cash,270488.85,270488.85,2023-07-02
207,25,807,231.0,234,2036.91,Pending,Credit Card,931251.18,932315.18,2023-08-03
208,611,161,599.0,416,2565.35,Pending,Bank Transfer,744277.99,744277.99,2023-05-01
209,771,335,981.0,199,3077.46,Cancelled,Bank Transfer,669031.94,674025.94,2024-02-13
210,745,519,237.0,282,1313.77,Completed,Cash,234269.33,238403.33,2024-08-11
211,327,17,,481,3697.9,Completed,Cash,624118.73,626753.73,2024-08-03
212,712,764,305.0,419,1226.27,Cancelled,Credit Card,799737.88,801163.88,2024-05-28
213,116,384,573.0,149,948.5,Cancelled,Cash,938597.02,940902.02,2024-02-03
214,924,577,,257,3241.98,Completed,Bank Transfer,294430.62,297360.62,2024-07-02
215,751,468,858.0,357,2038.94,Completed,Bank Transfer,922802.85,922802.85,2024-03-29
216,916,164,587.0,404,1279.16,Pending,Cash,755289.01,757087.01,2024-09-27
217,592,83,,498,1545.85,Cancelled,Bank Transfer,331371.81,335561.81,2024-06-26
218,198,433,52.0,120,4836.7,Completed,Bank Transfer,300567.66,303630.66,2023-03-20
219,431,621,201.0,305,4292.69,Pending,Cash,418707.73,423499.73,2024-04-22
220,720,570,269.0,86,1475.47,Pending,Bank Transfer,667510.32,667510.32,2024-08-25
221,864,840,,324,2258.22,Completed,Bank Transfer,539033.99,539666.99,2023-05-25
222,797,62,555.0,161,560.65,Cancelled,Cash,266113.6,268532.6,2023-09-05
223,610,724,746.0,178,1064.17,Completed,Bank Transfer,993598.04,993803.04,2024-11-11
224,463,757,807.0,30,3820.54,Completed,Cash,250347.0,255168.0,2023-03-05
225,753,161,674.0,482,4958.65,Completed,Credit Card,992721.7,992721.7,2023-03-16
226,988,871,441.0,125,3299.34,Pending,Credit Card,292974.91,293611.91,2024-01-09
227,420,895,,278,4972.02,Pending,Cash,106671.78,106671.78,2024-07-02
228,126,371,806.0,446,3527.05,Cancelled,Cash,232804.01,233346.01,2024-07-15
229,714,549,,130,2501.96,Cancelled,Credit Card,763152.76,763869.76,2024-08-08
230,224,411,382.0,285,2925.7,Pending,Bank Transfer,932541.15,932650.15,2023-04-12
231,971,345,,149,4972.95,Pending,Credit Card,775256.79,777681.79,2023-07-05
232,200,609,144.0,11,1324.15,Cancelled,Credit Card,973159.33,974928.33,2024-02-16
233,661,989,,490,1104.31,Cancelled,Credit Card,210032.93,212188.93,2024-11-03
234,617,308,397.0,258,4130.43,Completed,Credit Card,232688.99,233437.99,2024-02-18
235,195,497,,294,3799.51,Completed,Cash,939885.87,939885.87,2024-07-20
236,23,586,,324,4002.98,Pending,Bank Transfer,156733.96,157971.96,2024-09-01
237,202,890,427.0,309,2858.0,Completed,Bank Transfer,448693.93,448693.93,2023-05-02
238,203,169,532.0,484,2626.28,Cancelled,Cash,657735.38,659549.38,2024-07-04
239,487,161,380.0,312,1160.0,Cancelled,Bank Transfer,99288.5,102132.5,2023-03-30
240,739,625,4.0,51,1518.97,Pending,Bank Transfer,579227.8,579227.8,2024-09-25
241,339,435,872.0,485,4933.88,Cancelled,Bank Transfer,200296.71,205144.71,2023-01-10
242,292,988,,216,939.34,Completed,Credit Card,884652.53,889183.53,2023-11-17
243,117,815,657.0,236,1568.0,Cancelled,Cash,969461.79,972314.79,2024-07-04
244,387,703,,176,2559.72,Pending,Cash,956043.41,958136.41,2023-11-11
245,164,324,,376,932.65,Pending,Cash,935040.23,935847.23,2024-06-01
246,254,467,,358,3452.38,Cancelled,Credit Card,981520.59,986441.59,2023-12-06
247,662,801,,163,4487.8,Cancelled,Cash,490714.47,490976.47,2022-12-09
248,927,777,334.0,101,2214.2,Pending,Bank Transfer,199170.35,203208.35,2023-10-13
249,155,933,38.0,151,2342.85,Completed,Credit Card,417202.31,418592.31,2024-09-18
250,835,430,904.0,433,3216.56,Cancelled,Credit Card,272991.79,273647.79,2023-11-16
251,621,354,521.0,457,604.38,Completed,Credit Card,141535.52,141535.52,2024-06-06
252,742,878,,100,1307.98,Pending,Cash,506918.33,506999.33,2023-09-25
253,978,192,405.0,282,523.3,Pending,Cash,320878.65,322653.65,2023-05-20
254,422,459,20.0,197,4595.32,Pending,Credit Card,216756.98,218721.98,2023-11-14
255,474,550,473.0,393,3520.36,Completed,Credit Card,526720.03,527910.03,2024-06-04
256,725,876,,433,4929.69,Pending,Credit Card,344411.57,347156.57,2023-03-14
257,527,602,459.0,317,1747.57,Cancelled,Bank Transfer,498365.99,499888.99,2024-05-23
258,91,626,320.0,168,2024.22,Pending,Cash,226090.27,230980.27,2023-01-04
259,705,703,751.0,410,4874.6,Cancelled,Credit Card,310869.39,313317.39,2024-08-27
260,617,169,194.0,144,2390.68,Pending,Cash,494390.09,494390.09,2023-12-20
261,339,635,747.0,107,2904.28,Pending,Credit Card,430410.98,431204.98,2023-05-21
262,394,450,,493,1064.02,Completed,Cash,974295.29,976044.29,2024-01-24
263,11,240,543.0,445,2438.55,Cancelled,Cash,390565.57,390565.57,2023-09-23
264,667,649,462.0,72,3492.9,Pending,Credit Card,808302.12,808302.12,2024-11-19
265,307,969,,237,1546.09,Completed,Cash,121122.97,122006.97,2023-10-28
266,534,378,175.0,52,4782.56,Cancelled,Credit Card,459671.97,464435.97,2023-07-26
267,121,801,,451,3796.1,Cancelled,Bank Transfer,716596.99,719522.99,2023-03-23
268,904,829,,203,2279.87,Pending,Credit Card,555191.06,558830.06,2023-06-05
269,477,263,,332,3204.59,Cancelled,Credit Card,467037.08,467037.08,2023-06-01
270,366,990,526.0,220,3912.33,Completed,Credit Card,309503.04,312576.04,2023-04-04
271,552,135,381.0,274,3940.43,Cancelled,Bank Transfer,341153.15,341153.15,2023-10-31
272,66,182,,115,1996.08,Cancelled,Cash,556154.98,560526.98,2024-07-30
273,927,298,,271,3555.55,Cancelled,Cash,599051.96,599051.96,2024-04-21
274,786,808,93.0,352,2248.39,Cancelled,Cash,536292.38,538482.38,2023-08-28
275,315,298,,95,2524.94,Completed,Cash,799220.61,801384.61,2023-07-10
276,27,134,,81,4804.84,Completed,Cash,695415.13,696997.13,2024-05-12
277,331,295,704.0,356,1931.8,Cancelled,Credit Card,206326.01,208636.01,2023-08-06
278,19,62,802.0,469,2213.51,Pending,Credit Card,930669.74,935010.74,2024-07-19
279,103,978,653.0,301,4935.59,Completed,Bank Transfer,655474.07,657153.07,2024-10-29
280,658,923,,287,967.09,Pending,Cash,129613.82,134440.82,2023-01-30
281,593,566,259.0,319,3435.82,Completed,Credit Card,482345.64,483179.64,2024-04-12
282,473,316,,471,1560.2,Completed,Credit Card,766510.8,766521.8,2024-09-06
283,30,20,,428,4661.07,Cancelled,Credit Card,313564.57,317552.57,2024-09-06
284,21,509,169.0,358,1315.25,Completed,Bank Transfer,123399.49,127862.49,2023-07-30
285,561,734,993.0,263,590.15,Completed,Cash,227588.96,229270.96,2024-06-16
286,718,431,686.0,104,1505.76,Cancelled,Bank Transfer,887416.36,887990.36,2023-02-02
287,1000,755,567.0,305,3335.17,Cancelled,Cash,992226.07,995408.07,2024-10-16
288,321,386,170.0,147,4182.64,Completed,Credit Card,236058.26,238501.26,2023-07-05
289,130,658,382.0,425,905.21,Completed,Credit Card,478485.53,481710.53,2024-11-14
290,722,483,375.0,200,3258.79,Completed,Bank Transfer,740849.58,744097.58,2023-06-13
291,850,573,455.0,456,700.3,Completed,Credit Card,229539.21,233722.21,2023-05-20
292,994,670,774.0,125,1569.52,Cancelled,Bank Transfer,483134.0,485093.0,2024-05-08
293,693,525,280.0,287,2472.19,Completed,Bank Transfer,523021.93999999994,524322.94,2023-01-17
294,734,133,898.0,78,1510.55,Completed,Bank Transfer,615624.7,619801.7,2023-10-04
295,84,213,131.0,404,4147.02,Pending,Cash,910873.95,915727.95,2023-11-04
296,284,120,729.0,430,616.31,Pending,Cash,552300.75,552599.75,2024-11-06
297,781,358,,104,1200.98,Cancelled,Credit Card,423371.64,427403.64,2023-08-28
298,478,463,429.0,43,833.41,Completed,Bank Transfer,867456.57,868431.57,2024-01-01
299,555,159,,374,840.62,Cancelled,Cash,583836.22,585504.22,2024-03-04
300,923,522,240.0,228,1420.69,Completed,Bank Transfer,499137.55,499769.55,2024-07-21
301,211,615,411.0,256,3924.93,Pending,Credit Card,212971.69,217934.69,2024-01-27
302,657,655,,52,616.66,Cancelled,Cash,363554.28,365323.28,2023-06-21
303,199,99,,124,4447.89,Pending,Cash,928381.94,928381.94,2023-09-24
304,86,778,379.0,482,3780.4,Cancelled,Bank Transfer,851429.14,854539.14,2023-07-02
305,987,385,103.0,439,1755.49,Cancelled,Credit Card,126751.08,128446.08,2024-11-11
306,991,561,877.0,88,2878.57,Cancelled,Cash,582769.39,582989.39,2022-11-23
307,117,877,555.0,53,2992.97,Cancelled,Credit Card,841347.87,841825.87,2024-06-25
308,708,805,692.0,323,4670.88,Cancelled,Bank Transfer,569007.96,573643.96,2024-07-25
309,531,26,,462,911.47,Completed,Credit Card,691260.29,692181.29,2024-05-03
310,847,97,266.0,138,4065.39,Completed,Bank Transfer,640526.9,641930.9,2024-03-23
311,770,642,346.0,112,3214.29,Completed,Cash,719717.96,724589.96,2023-02-11
312,383,415,574.0,365,4062.43,Pending,Credit Card,214005.76,218089.76,2023-12-29
313,555,411,693.0,360,779.82,Pending,Credit Card,671926.46,675603.46,2023-02-05
314,596,715,699.0,210,1751.79,Cancelled,Cash,897873.29,898394.29,2024-05-12
315,455,426,665.0,146,1332.51,Completed,Credit Card,729615.32,729652.32,2023-04-24
316,746,967,174.0,358,2396.8,Cancelled,Cash,181742.23,183149.23,2023-02-10
317,768,579,,427,3908.2,Completed,Credit Card,280592.78,283872.78,2024-11-20
318,487,229,388.0,142,4731.39,Cancelled,Cash,142049.36,145525.36,2024-02-23
319,569,622,,141,3113.38,Cancelled,Cash,214410.13,214410.13,2023-06-25
320,670,948,604.0,172,2227.0,Completed,Bank Transfer,556694.88,558937.88,2024-09-04
321,532,681,266.0,359,2372.87,Cancelled,Bank Transfer,402733.01,403983.01,2023-06-18
322,121,983,,484,1418.9,Pending,Cash,717560.76,718290.76,2023-12-26
323,522,788,594.0,132,1154.6,Completed,Credit Card,703262.44,704250.44,2023-10-09
324,538,53,794.0,311,3863.87,Pending,Bank Transfer,982373.64,982520.64,2024-07-28
325,216,327,,383,3390.33,Cancelled,Cash,773988.47,776274.47,2024-09-08
326,562,726,780.0,61,2695.47,Completed,Cash,110351.04,111898.04,2024-03-01
327,840,277,426.0,120,3151.18,Completed,Bank Transfer,539370.86,539370.86,2024-08-11
328,320,696,455.0,263,942.73,Pending,Credit Card,877473.04,878050.04,2024-05-27
329,808,689,817.0,340,2927.84,Completed,Credit Card,335645.97,339864.97,2024-08-03
330,309,905,272.0,238,3374.75,Cancelled,Bank Transfer,265528.55,267643.55,2023-02-10
331,601,521,,208,2800.98,Completed,Cash,364254.05,365269.05,2022-12-29
332,570,434,836.0,134,1009.47,Pending,Cash,563681.89,567292.89,2023-08-13
333,923,12,1.0,119,3533.23,Completed,Bank Transfer,163917.15,163975.15,2024-07-03
334,971,542,706.0,320,3754.09,Completed,Credit Card,733217.66,738097.66,2023-02-19
335,128,985,985.0,207,997.41,Pending,Cash,405861.99,408511.99,2023-01-24
336,509,204,875.0,8,4935.78,Completed,Credit Card,890874.19,892814.19,2024-03-19
337,551,229,50.0,95,1852.17,Completed,Cash,177695.76,177695.76,2024-07-03
338,993,166,796.0,451,3766.5,Cancelled,Cash,565109.44,569410.44,2024-05-20
339,608,435,,147,4617.65,Completed,Credit Card,739695.12,742696.12,2023-03-05
340,56,537,424.0,243,4313.91,Cancelled,Bank Transfer,481234.87,482855.87,2023-01-22
341,770,498,313.0,300,1656.65,Completed,Cash,996856.04,997413.04,2023-05-04
342,678,14,761.0,330,1950.2,Pending,Bank Transfer,969223.32,969223.32,2023-04-03
343,415,305,504.0,149,2742.39,Pending,Credit Card,788386.96,789537.96,2023-08-27
344,646,68,768.0,209,4164.09,Cancelled,Bank Transfer,278634.68,282307.68,2024-07-22
345,989,492,,427,4434.68,Completed,Cash,928828.18,933074.18,2023-02-03
346,772,487,897.0,297,2860.91,Pending,Credit Card,199750.26,199750.26,2023-08-07
347,539,561,,143,3287.03,Completed,Credit Card,775649.24,779202.24,2022-12-25
348,681,13,528.0,158,1399.7,Pending,Credit Card,249892.58,250766.58,2023-07-01
349,951,590,,133,2239.83,Pending,Bank Transfer,767492.26,768984.26,2024-05-13
350,825,69,104.0,53,4758.79,Pending,Credit Card,863164.74,866543.74,2022-12-15
351,716,63,284.0,337,966.65,Completed,Credit Card,256992.34,261327.34,2024-02-04
352,3,144,976.0,214,823.89,Cancelled,Bank Transfer,648412.31,652906.31,2024-04-10
353,59,876,,153,924.68,Cancelled,Credit Card,796024.94,796024.94,2023-11-16
354,548,799,,458,2767.32,Cancelled,Credit Card,408230.64,411326.64,2023-02-19
355,569,483,249.0,101,4677.4,Completed,Credit Card,463222.15,467837.15,2024-01-19
356,908,599,192.0,16,4038.5,Cancelled,Bank Transfer,549455.53,550982.53,2023-12-21
357,203,674,306.0,363,3808.32,Cancelled,Cash,422217.73,424259.73,2023-05-22
358,289,278,228.0,357,896.01,Cancelled,Credit Card,679505.56,679647.56,2024-08-19
359,829,807,732.0,261,2321.24,Cancelled,Bank Transfer,151034.67,151034.67,2023-05-13
360,49,543,923.0,9,2491.59,Pending,Bank Transfer,715147.07,718719.07,2024-10-20
361,560,648,350.0,45,4289.53,Pending,Credit Card,418684.28,418684.28,2024-03-13
362,242,11,730.0,479,1345.32,Cancelled,Bank Transfer,195019.33,196718.33,2022-11-27
363,895,65,690.0,180,899.43,Cancelled,Credit Card,326225.43,327218.43,2024-11-01
364,679,518,,69,2024.81,Cancelled,Cash,398348.91,400208.91,2024-06-11
365,839,32,58.0,474,1702.34,Cancelled,Cash,949663.31,951208.31,2024-07-12
366,398,369,,430,999.04,Pending,Bank Transfer,836969.58,838889.58,2024-07-27
367,511,82,592.0,302,1298.97,Completed,Credit Card,747736.77,752655.77,2024-10-30
368,166,699,,350,1701.09,Pending,Credit Card,456198.99,456671.99,2024-06-12
369,369,113,417.0,451,3981.15,Completed,Cash,315152.02,316458.02,2023-12-29
370,689,444,192.0,61,2567.45,Pending,Credit Card,169301.69,169301.69,2024-04-14
371,958,611,150.0,292,984.42,Cancelled,Cash,729076.48,730912.48,2024-01-22
372,954,619,405.0,230,676.63,Pending,Cash,691208.57,692209.57,2023-11-22
373,219,861,661.0,133,1180.01,Completed,Bank Transfer,464471.41,467493.41,2023-03-18
374,188,428,,166,748.75,Pending,Bank Transfer,547249.05,551767.05,2023-07-10
375,640,271,395.0,124,3593.98,Cancelled,Bank Transfer,945784.69,949335.69,2024-10-01
376,109,589,137.0,131,4715.36,Cancelled,Bank Transfer,803422.8,805924.8,2024-03-12
377,229,352,,135,1308.45,Completed,Bank Transfer,354801.82,357492.82,2022-12-09
378,526,848,,498,4473.65,Pending,Credit Card,280104.47,282189.47,2023-08-29
379,960,982,84.0,198,1762.45,Completed,Bank Transfer,200297.83,204283.83,2023-01-07
380,536,912,277.0,223,691.97,Completed,Bank Transfer,141261.91,145121.91,2023-01-06
381,917,875,,201,2722.81,Cancelled,Bank Transfer,242733.08,243602.08,2024-10-12
382,290,498,,225,1472.31,Pending,Credit Card,594107.26,595621.26,2024-01-20
383,463,40,619.0,433,3230.73,Completed,Cash,138118.88,139618.88,2023-10-21
384,756,331,,414,4597.85,Cancelled,Cash,726838.72,726838.72,2024-10-04
385,328,487,451.0,434,4475.45,Cancelled,Credit Card,978269.32,980866.32,2024-04-08
386,587,433,,8,3335.22,Pending,Cash,950711.56,950951.56,2024-08-07
387,871,565,,81,4762.77,Cancelled,Bank Transfer,857256.67,857256.67,2024-04-27
388,795,610,53.0,168,686.77,Pending,Cash,613318.74,617081.74,2022-12-11
389,781,106,530.0,113,3268.71,Cancelled,Credit Card,665143.91,665740.91,2023-07-23
390,750,272,241.0,492,3434.26,Completed,Cash,481146.43,485922.43,2024-06-05
391,972,527,,429,2247.45,Cancelled,Credit Card,351409.55,353262.55,2024-04-17
392,147,175,807.0,106,1579.74,Cancelled,Cash,514594.54,518706.54,2023-11-25
393,948,503,989.0,131,4242.28,Pending,Credit Card,945811.67,949602.67,2024-05-16
394,305,708,719.0,487,2082.65,Completed,Bank Transfer,313108.39,315241.39,2024-07-28
395,492,633,618.0,400,4059.8,Completed,Bank Transfer,241873.02,244526.02,2024-04-25
396,245,667,416.0,418,2625.68,Cancelled,Bank Transfer,885900.1,886191.1,2024-02-17
397,49,312,,453,1832.73,Pending,Bank Transfer,826855.66,827887.66,2024-01-17
398,822,676,975.0,177,4946.44,Completed,Bank Transfer,293856.69,293856.69,2024-01-15
399,643,511,,481,1562.4,Cancelled,Bank Transfer,834699.19,839577.19,2023-05-29
400,283,17,,410,2178.63,Completed,Cash,189770.66,193804.66,2023-10-09
401,684,81,,49,3556.81,Cancelled,Bank Transfer,326907.47,328997.47,2023-11-09
402,628,765,192.0,346,4384.93,Completed,Bank Transfer,519102.49,523999.49,2024-07-10
403,600,841,,460,3360.96,Pending,Bank Transfer,622248.23,626550.23,2022-12-18
404,801,414,977.0,111,3265.63,Pending,Cash,854593.99,857644.99,2024-04-10
405,37,280,275.0,295,2504.25,Completed,Credit Card,142344.3,145168.3,2023-06-20
406,827,15,,359,4521.49,Completed,Cash,355702.49,356702.49,2023-10-26
407,651,341,129.0,467,2431.81,Completed,Bank Transfer,275470.36,277977.36,2023-06-28
408,488,466,145.0,20,929.88,Pending,Cash,403823.96,403823.96,2023-07-16
409,660,307,42.0,360,2888.93,Completed,Cash,425978.27,426449.27,2022-11-30
410,827,435,38.0,326,4117.42,Cancelled,Cash,277461.61,282389.61,2024-06-09
411,723,999,626.0,433,3692.28,Completed,Cash,779841.07,781623.07,2023-05-09
412,349,870,1000.0,251,3938.33,Pending,Bank Transfer,342665.48,346352.48,2024-07-03
413,680,819,588.0,175,1000.38,Cancelled,Bank Transfer,519824.22,523435.22,2024-09-26
414,56,831,489.0,364,3065.28,Completed,Credit Card,211873.3,213605.3,2023-06-29
415,39,539,741.0,185,2633.69,Pending,Cash,306856.8,309237.8,2023-12-01
416,7,260,496.0,143,3695.58,Completed,Cash,597056.2,600132.2,2024-04-18
417,92,477,,351,783.69,Pending,Bank Transfer,334089.06,334106.06,2024-06-30
418,997,290,135.0,443,3301.66,Cancelled,Credit Card,401268.97,403807.97,2024-07-23
419,838,282,,146,4043.42,Cancelled,Credit Card,926285.59,929483.59,2024-09-12
420,537,451,,355,3078.13,Cancelled,Bank Transfer,105497.39,106834.39,2023-06-27
421,605,893,22.0,333,3717.4,Cancelled,Credit Card,321900.92,323555.92,2024-05-08
422,82,420,191.0,285,2676.1,Pending,Bank Transfer,321584.16,324136.16,2024-02-05
423,924,569,658.0,2,1501.14,Cancelled,Credit Card,335578.53,339209.53,2023-06-07
424,151,806,362.0,10,3781.93,Completed,Cash,414392.62,418226.62,2023-07-18
425,859,893,,265,932.1,Completed,Cash,944195.09,949150.09,2022-12-31
426,866,604,989.0,142,3855.13,Pending,Cash,775090.3,779950.3,2023-08-01
427,744,15,,260,1356.34,Completed,Cash,859017.91,863079.91,2023-12-14
428,44,549,92.0,172,531.2,Completed,Bank Transfer,739517.41,742291.41,2023-02-08
429,727,993,,273,2279.54,Completed,Credit Card,108906.67,108906.67,2024-04-01
430,247,578,,201,1156.63,Pending,Cash,529684.59,531794.59,2024-09-25
431,177,439,55.0,413,4631.6,Cancelled,Bank Transfer,855281.26,857558.26,2024-04-03
432,691,404,229.0,260,4489.27,Completed,Bank Transfer,551642.5,551642.5,2023-08-21
433,273,403,,311,1944.15,Pending,Cash,971061.44,972277.44,2023-03-04
434,847,545,,491,3293.12,Completed,Bank Transfer,298203.52,301082.52,2022-12-11
435,754,295,611.0,456,3141.33,Pending,Bank Transfer,541650.36,546254.36,2024-01-27
436,229,780,884.0,231,3777.8,Cancelled,Bank Transfer,829266.55,833210.55,2022-12-20
437,883,511,75.0,458,2001.26,Cancelled,Credit Card,866439.62,870271.62,2023-02-27
438,843,48,699.0,9,509.01,Pending,Cash,591463.38,595317.38,2024-05-18
439,232,825,492.0,423,2486.99,Cancelled,Credit Card,959496.4,963738.4,2024-09-27
440,626,945,122.0,467,713.01,Completed,Credit Card,827977.61,828739.61,2023-12-09
441,694,920,,365,1995.87,Pending,Cash,541331.32,545496.32,2024-11-15
442,884,733,385.0,171,3962.32,Pending,Cash,105033.66,106684.66,2024-08-10
443,94,172,,363,3608.45,Completed,Cash,640353.42,643761.42,2023-10-12
444,62,410,438.0,320,3565.97,Cancelled,Bank Transfer,609726.85,609726.85,2024-08-20
445,958,416,940.0,53,1235.86,Cancelled,Credit Card,281919.51,281919.51,2023-06-08
446,290,741,339.0,449,4816.54,Pending,Bank Transfer,150392.38,150392.38,2023-12-29
447,455,615,77.0,57,2194.02,Completed,Cash,885381.68,886897.68,2022-12-07
448,20,307,484.0,75,4098.79,Cancelled,Bank Transfer,473321.4,477948.4,2023-07-29
449,87,61,343.0,411,1121.26,Cancelled,Cash,337567.68,341506.68,2023-09-02
450,922,44,679.0,59,2509.81,Pending,Cash,129719.79000000001,132331.79,2024-03-04
451,393,659,,287,1729.14,Cancelled,Cash,255139.47,257669.47,2023-08-12
452,760,837,45.0,233,886.31,Completed,Bank Transfer,965468.55,965468.55,2024-10-29
453,817,386,,276,2624.93,Cancelled,Credit Card,372566.91,377334.91,2024-05-01
454,243,578,961.0,325,2999.64,Completed,Cash,571093.92,575484.92,2024-06-03
455,963,495,,123,4499.53,Completed,Cash,394909.32,395222.32,2023-04-28
456,227,242,611.0,43,3397.93,Cancelled,Bank Transfer,419560.93,421208.93,2024-08-11
457,982,708,856.0,45,1464.98,Cancelled,Credit Card,481466.05,482540.05,2023-01-20
458,957,46,640.0,245,1392.12,Cancelled,Bank Transfer,115327.82,116104.82,2022-12-26
459,560,228,,29,777.51,Completed,Bank Transfer,214616.15,214616.15,2024-08-22
460,345,254,927.0,428,2549.04,Pending,Cash,462992.34,465061.34,2023-02-26
461,649,976,676.0,373,637.07,Pending,Credit Card,990757.21,990757.21,2023-11-16
462,193,345,852.0,426,1730.57,Pending,Cash,674480.28,678643.28,2023-10-19
463,563,160,911.0,90,1076.03,Completed,Credit Card,745380.14,748145.14,2024-06-23
464,511,826,771.0,150,2294.65,Completed,Credit Card,202628.58,207403.58,2023-01-03
465,148,758,690.0,494,2549.31,Pending,Cash,165662.46,165926.46,2023-10-30
466,237,606,,40,4998.47,Cancelled,Bank Transfer,379091.78,381873.78,2023-03-03
467,608,349,454.0,339,3184.63,Cancelled,Credit Card,367745.34,371275.34,2023-12-08
468,655,487,,403,4562.36,Pending,Cash,679405.42,680861.42,2023-11-29
469,831,285,993.0,268,2075.82,Cancelled,Credit Card,340829.23,340829.23,2023-04-02
470,942,580,,213,4610.62,Pending,Cash,306244.08,309181.08,2022-12-05
471,53,416,91.0,183,1024.52,Completed,Bank Transfer,187807.02,191181.02,2023-05-11
472,879,829,676.0,371,1472.17,Completed,Cash,940569.62,942146.62,2023-10-19
473,572,475,,390,3711.26,Completed,Credit Card,828940.84,830540.84,2024-03-24
474,201,398,539.0,193,4502.6,Completed,Credit Card,929714.89,933013.89,2023-05-08
475,100,939,,380,4603.6,Cancelled,Cash,300691.76,302397.76,2024-08-11
476,486,910,771.0,68,3600.48,Cancelled,Credit Card,661496.34,662735.34,2023-05-19
477,394,385,,421,4932.88,Pending,Cash,858993.42,859161.42,2024-02-15
478,201,385,430.0,408,985.87,Completed,Bank Transfer,922742.34,925710.34,2024-03-14
479,3,421,,417,1230.9,Cancelled,Credit Card,946934.18,950764.18,2023-11-13
480,323,787,568.0,354,892.8,Pending,Credit Card,172302.8,176667.8,2023-05-24
481,357,697,,394,565.1,Cancelled,Bank Transfer,908196.42,912243.42,2024-07-12
482,57,873,787.0,50,3898.6,Completed,Cash,515356.92,517828.92,2024-03-07
483,812,124,81.0,20,3844.44,Pending,Credit Card,538988.14,540615.14,2023-09-27
484,336,950,,348,963.77,Pending,Credit Card,681523.5,686154.5,2023-07-10
485,9,41,445.0,41,2834.48,Cancelled,Credit Card,184572.56,185422.56,2024-06-20
486,940,858,556.0,317,3544.46,Completed,Cash,224438.89,228256.89,2023-07-15
487,104,229,565.0,158,1172.33,Completed,Credit Card,872936.0,876224.0,2024-07-26
488,808,299,776.0,434,955.02,Cancelled,Cash,550322.64,553592.64,2024-09-05
489,223,172,83.0,390,1345.89,Cancelled,Cash,806165.15,807238.15,2024-05-11
490,343,999,322.0,377,3666.97,Pending,Credit Card,614013.05,614013.05,2023-01-05
491,740,353,718.0,67,1462.7,Completed,Cash,407306.78,409373.78,2023-09-02
492,761,82,,475,4345.59,Completed,Cash,897294.14,901694.14,2024-03-28
493,584,691,439.0,362,1539.53,Completed,Credit Card,274950.02,278027.02,2024-08-13
494,695,506,,71,2664.44,Completed,Bank Transfer,800040.85,804400.85,2024-06-26
495,996,271,908.0,401,2575.94,Cancelled,Credit Card,922052.87,923733.87,2024-06-15
496,394,676,779.0,236,4090.46,Pending,Cash,787623.42,789150.42,2024-08-31
497,794,815,581.0,172,2908.44,Completed,Bank Transfer,971507.59,974215.59,2024-04-02
498,199,524,197.0,248,1514.09,Completed,Credit Card,523723.52,525659.52,2023-06-08
499,97,958,43.0,399,4185.16,Cancelled,Bank Transfer,830879.15,832235.15,2023-09-28
500,668,757,884.0,95,1341.16,Pending,Cash,310341.07,313680.07,2023-08-24
